"Oracle Name","ID: Scryfall","ID: Gatherer","Haves: Paper","Haves: Foil","Haves: Etched"
"Timetwister","01bda3d7-122a-48a0-bab3-676c4a557b74",725,1,0,0
"Taiga","01006833-6007-4c16-9ebb-20d31c60a57a",883,2,1,0
"Force of Will","ebc01ab4-d89a-4d25-bf54-6aed33772f4b",3107,3,1,1
"Sol Ring","4cbc6901-6a4a-4d0a-83ea-7eefa3b35021",600,4,2,2
"Mana Crypt","4d960186-4559-4af0-bd22-63bc1c489311",3829,1,1,0
"Demonic Tutor","3bdbc231-5316-4abd-9d8d-d87cff2c9847",646,2,0,1
"Cyclonic Rift","ff08e5ed-f47b-4d8e-8b8b-41675dccef8b",270798,2,1,0
"Rhystic Study","d6914dba-0d27-4055-ac34-b3ebf5802221",24589,3,0,1
"Smothering Tithe","f25a4bbc-5 cleanup",457176,2,1,0
"Red Elemental Blast","4fafd3f9-f7de-4d6e-8824-6b60866fc50f",512,4,0,0
"Lightning Bolt","f29ba16f-c8fb-42fe-aabf-87089cb214a7",800,4,2,0
